from_region,to_region,price_usd_per_gb
ap-east-2,us-east-2,0.08
eu-central-2,ap-southeast-7,0.08
ap-southeast-7,eu-central-2,0.08
ap-northeast-2,eu-west-2,0.08
us-west-1,ap-southeast-7,0.08
ap-southeast-7,us-west-1,0.08
il-central-1,ap-southeast-1,0.08
mx-central-1,ap-south-1,0.08
ap-southeast-5,eu-south-1,0.08
ap-east-2,eu-south-1,0.08
ca-west-1,ap-southeast-7,0.08
ap-southeast-7,ca-west-1,0.08
ap-southeast-7,ap-northeast-1,0.08
eu-north-1,ap-southeast-7,0.08
ap-southeast-7,eu-north-1,0.08
ap-northeast-2,ca-west-1,0.08
ca-west-1,ap-northeast-2,0.08
mx-central-1,ap-southeast-4,0.08
ap-east-2,ap-southeast-5,0.08
ap-southeast-5,ap-east-2,0.08
ap-northeast-2,us-east-1,0.08
ap-southeast-7,ap-southeast-3,0.08
ap-southeast-5,eu-north-1,0.08
il-central-1,ca-central-1,0.08
il-central-1,me-south-1,0.08
ap-east-2,eu-central-1,0.08
mx-central-1,ap-southeast-2,0.08
il-central-1,ap-northeast-1,0.08
ca-west-1,ap-southeast-1,0.08
ap-southeast-5,eu-west-1,0.08
ap-southeast-7,ap-southeast-2,0.08
il-central-1,me-central-1,0.08
ap-southeast-5,ap-northeast-3,0.08
ap-southeast-7,ap-south-1,0.08
ap-east-2,eu-west-1,0.08
il-central-1,mx-central-1,0.08
ap-northeast-2,ap-south-1,0.08
ap-southeast-5,us-west-1,0.08
mx-central-1,ap-east-2,0.08
ap-northeast-2,ap-southeast-6,0.08
ca-west-1,ap-northeast-3,0.08
ap-southeast-5,eu-west-2,0.08
ap-southeast-7,ca-central-1,0.08
ca-central-1,ap-southeast-7,0.08
ap-northeast-2,eu-central-2,0.08
il-central-1,sa-east-1,0.08
ap-northeast-2,ap-south-2,0.08
il-central-1,eu-west-2,0.08
ap-northeast-2,me-central-1,0.08
ap-northeast-2,ap-east-1,0.08
ap-east-2,ap-southeast-6,0.08
ap-northeast-2,ap-southeast-1,0.08
ap-southeast-7,ap-southeast-4,0.08
ap-east-2,eu-central-2,0.08
ca-west-1,ap-southeast-6,0.08
ap-east-2,us-east-1,0.08
il-central-1,ca-west-1,0.08
ca-west-1,ap-southeast-3,0.08
mx-central-1,ap-southeast-6,0.08
ap-northeast-2,mx-central-1,0.08
mx-central-1,ap-northeast-2,0.08
ap-east-2,ap-southeast-7,0.08
ap-southeast-7,ap-east-2,0.08
mx-central-1,ap-northeast-3,0.08
mx-central-1,ap-southeast-3,0.08
il-central-1,ap-northeast-3,0.08
ap-southeast-5,ap-southeast-3,0.08
il-central-1,eu-south-2,0.08
ap-southeast-5,ap-southeast-7,0.08
ap-southeast-7,ap-southeast-5,0.08
il-central-1,eu-south-1,0.08
ap-southeast-7,eu-west-3,0.08
eu-west-3,ap-southeast-7,0.08
ap-northeast-2,il-central-1,0.08
il-central-1,ap-northeast-2,0.08
ap-northeast-2,ap-northeast-3,0.08
ap-northeast-2,us-west-2,0.08
ap-northeast-2,eu-west-3,0.08
ap-southeast-1,ap-southeast-7,0.08
ap-southeast-7,ap-southeast-1,0.08
ap-east-2,eu-west-2,0.08
ap-east-2,ap-southeast-3,0.08
ap-east-2,eu-south-2,0.08
ca-west-1,ap-southeast-5,0.08
ap-southeast-5,ca-west-1,0.08
ap-east-2,ap-east-1,0.08
mx-central-1,ap-southeast-5,0.08
ap-southeast-5,mx-central-1,0.08
ap-southeast-1,ap-southeast-5,0.08
ap-southeast-5,ap-southeast-1,0.08
ap-northeast-2,eu-west-1,0.08
ap-southeast-5,eu-west-3,0.08
ap-northeast-2,ca-central-1,0.08
ap-southeast-5,ap-northeast-1,0.08
ap-east-2,ap-northeast-1,0.08
ap-southeast-7,eu-south-1,0.08
eu-south-1,ap-southeast-7,0.08
ap-southeast-5,us-east-1,0.08
ap-southeast-4,ap-southeast-2,0.08
ap-southeast-2,ap-southeast-4,0.08
ap-southeast-5,ap-south-1,0.08
ap-southeast-5,eu-south-2,0.08
il-central-1,ap-southeast-5,0.08
ap-southeast-5,ap-south-2,0.08
eu-central-1,ap-southeast-7,0.08
ap-southeast-7,eu-central-1,0.08
il-central-1,eu-central-1,0.08
ap-northeast-2,eu-north-1,0.08
ap-northeast-2,eu-south-2,0.08
ap-southeast-5,ap-northeast-2,0.08
ap-northeast-2,ap-southeast-5,0.08
ap-southeast-5,eu-central-2,0.08
il-central-1,ap-southeast-7,0.08
mx-central-1,ap-south-2,0.08
il-central-1,ap-southeast-3,0.08
il-central-1,us-west-1,0.08
ca-west-1,ap-south-2,0.08
ap-northeast-2,ap-northeast-1,0.08
ap-northeast-2,ap-southeast-4,0.08
ap-southeast-6,ap-southeast-2,0.08
ap-southeast-2,ap-southeast-6,0.08
il-central-1,ap-east-1,0.08
ap-northeast-3,ap-east-2,0.08
ca-west-1,ap-east-1,0.08
ap-east-2,ap-south-2,0.08
ap-northeast-2,eu-south-1,0.08
ap-east-2,eu-north-1,0.08
il-central-1,ap-east-2,0.08
ap-east-2,ca-central-1,0.08
ap-east-2,ap-northeast-2,0.08
ap-northeast-2,ap-east-2,0.08
ap-east-2,ap-south-1,0.08
ap-east-2,us-west-2,0.08
ap-northeast-2,eu-central-1,0.08
ap-southeast-7,ap-south-2,0.08
ca-west-1,ap-east-2,0.08
ap-east-2,ca-west-1,0.08
eu-west-1,ap-southeast-7,0.08
ap-southeast-7,eu-west-1,0.08
us-east-1,ap-southeast-7,0.08
ap-southeast-7,us-east-1,0.08
il-central-1,eu-central-2,0.08
il-central-1,ap-south-2,0.08
ap-southeast-5,ap-east-1,0.08
ap-southeast-7,eu-west-2,0.08
eu-west-2,ap-southeast-7,0.08
ap-southeast-5,us-east-2,0.08
ap-southeast-7,ap-northeast-3,0.08
ap-northeast-2,ap-southeast-2,0.08
ap-northeast-2,me-south-1,0.08
ap-southeast-5,ap-southeast-2,0.08
ap-southeast-7,ap-southeast-6,0.08
il-central-1,us-east-1,0.08
ap-northeast-2,af-south-1,0.08
ap-southeast-5,ap-southeast-4,0.08
mx-central-1,ap-east-1,0.08
ca-west-1,ap-southeast-4,0.08
mx-central-1,ap-northeast-1,0.08
il-central-1,us-west-2,0.08
ap-northeast-2,us-east-2,0.08
ap-east-2,ap-southeast-1,0.08
ca-west-1,ap-south-1,0.08
ap-east-2,us-west-1,0.08
ap-southeast-7,mx-central-1,0.08
mx-central-1,ap-southeast-7,0.08
ap-southeast-5,us-west-2,0.08
ap-east-2,ap-southeast-4,0.08
ap-east-2,eu-west-3,0.08
ap-southeast-5,ap-southeast-6,0.08
ap-northeast-2,ap-southeast-3,0.08
ca-west-1,ap-northeast-1,0.08
il-central-1,af-south-1,0.08
ca-west-1,ap-southeast-2,0.08
ap-southeast-6,ap-southeast-4,0.08
ap-southeast-4,ap-southeast-6,0.08
ap-northeast-2,ap-southeast-7,0.08
ap-southeast-7,ap-northeast-2,0.08
il-central-1,eu-west-3,0.08
ap-southeast-5,ca-central-1,0.08
ap-northeast-2,us-west-1,0.08
ap-southeast-7,ap-east-1,0.08
il-central-1,eu-north-1,0.08
ap-east-2,ap-southeast-2,0.08
il-central-1,us-east-2,0.08
mx-central-1,ap-southeast-1,0.08
il-central-1,eu-west-1,0.08
ap-southeast-7,us-east-2,0.08
us-east-2,ap-southeast-7,0.08
ap-southeast-5,eu-central-1,0.08
ap-southeast-7,eu-south-2,0.08
eu-south-2,ap-southeast-7,0.08
il-central-1,ap-south-1,0.08
ap-northeast-2,sa-east-1,0.08
us-west-2,ap-southeast-7,0.08
ap-southeast-7,us-west-2,0.08
us-east-2,ap-east-2,0.02
us-east-2,sa-east-1,0.02
ca-central-1,me-central-1,0.02
eu-west-3,sa-east-1,0.02
eu-central-2,ap-southeast-4,0.02
us-east-2,ca-west-1,0.02
ca-west-1,us-east-2,0.02
eu-west-2,af-south-1,0.02
eu-west-2,ap-northeast-2,0.02
us-west-1,ap-southeast-4,0.02
us-east-1,eu-central-1,0.02
eu-central-1,us-east-1,0.02
us-west-2,ap-east-1,0.02
ca-central-1,eu-central-2,0.02
eu-central-2,ca-central-1,0.02
us-east-2,ap-southeast-4,0.02
eu-west-1,me-south-1,0.02
eu-south-1,eu-west-1,0.02
eu-west-1,eu-south-1,0.02
eu-west-2,ap-southeast-4,0.02
us-east-1,me-south-1,0.02
eu-south-1,ap-southeast-5,0.02
eu-south-1,ap-east-2,0.02
eu-central-1,ap-south-1,0.02
us-east-1,ap-southeast-1,0.02
eu-south-1,eu-central-2,0.02
eu-central-2,eu-south-1,0.02
us-west-1,ap-southeast-1,0.02
eu-west-2,ap-south-2,0.02
us-east-1,ap-northeast-2,0.02
eu-north-1,ap-southeast-5,0.02
ca-central-1,ap-south-2,0.02
ca-central-1,il-central-1,0.02
eu-south-2,ap-northeast-1,0.02
eu-central-1,ap-east-2,0.02
ca-central-1,ap-south-1,0.02
eu-west-2,ap-southeast-2,0.02
ca-central-1,sa-east-1,0.02
eu-west-1,us-east-2,0.02
us-east-2,eu-west-1,0.02
eu-west-1,ap-southeast-5,0.02
eu-south-2,ap-south-1,0.02
us-west-2,sa-east-1,0.02
us-east-2,af-south-1,0.02
eu-west-3,ap-southeast-1,0.02
ca-west-1,ca-central-1,0.02
ca-central-1,ca-west-1,0.02
us-west-2,ca-central-1,0.02
ca-central-1,us-west-2,0.02
eu-south-2,af-south-1,0.02
eu-north-1,us-east-1,0.02
us-east-1,eu-north-1,0.02
eu-west-1,ap-east-2,0.02
eu-south-1,ap-northeast-1,0.02
us-west-1,ap-southeast-5,0.02
us-east-1,ap-northeast-3,0.02
eu-central-2,ap-southeast-3,0.02
eu-central-2,ap-south-1,0.02
eu-north-1,ap-southeast-1,0.02
eu-south-2,ca-central-1,0.02
ca-central-1,eu-south-2,0.02
us-west-1,me-south-1,0.02
eu-central-1,ap-southeast-2,0.02
eu-central-1,ap-southeast-3,0.02
eu-south-1,me-central-1,0.02
ca-central-1,eu-west-3,0.02
eu-west-3,ca-central-1,0.02
eu-west-2,ap-southeast-5,0.02
us-west-2,ap-south-1,0.02
eu-central-2,ap-northeast-2,0.02
us-west-1,eu-west-2,0.02
eu-west-2,us-west-1,0.02
eu-south-1,ap-east-1,0.02
us-west-1,eu-central-1,0.02
eu-central-1,us-west-1,0.02
us-west-1,ap-south-1,0.02
eu-west-2,il-central-1,0.02
eu-west-3,us-west-1,0.02
us-west-1,eu-west-3,0.02
us-west-1,ap-southeast-6,0.02
us-west-2,af-south-1,0.02
eu-north-1,eu-west-3,0.02
eu-west-3,eu-north-1,0.02
us-west-2,me-south-1,0.02
ca-central-1,us-east-2,0.02
us-east-2,ca-central-1,0.02
eu-west-1,ap-southeast-6,0.02
eu-central-2,ap-east-2,0.02
eu-central-1,ap-southeast-6,0.02
us-east-1,ap-east-2,0.02
us-west-1,ap-east-1,0.02
eu-west-2,eu-south-1,0.02
eu-south-1,eu-west-2,0.02
eu-north-1,ap-northeast-3,0.02
eu-west-3,me-central-1,0.02
eu-north-1,eu-south-2,0.02
eu-south-2,eu-north-1,0.02
eu-south-2,il-central-1,0.02
eu-south-2,ap-southeast-6,0.02
eu-west-1,ap-southeast-3,0.02
us-west-2,us-east-2,0.02
us-east-2,us-west-2,0.02
eu-south-1,il-central-1,0.02
eu-west-1,ap-east-1,0.02
eu-west-3,ap-southeast-2,0.02
eu-south-2,me-south-1,0.02
us-east-1,ap-southeast-2,0.02
eu-west-1,me-central-1,0.02
us-west-2,ap-southeast-4,0.02
us-west-2,ap-northeast-2,0.02
eu-west-3,ap-northeast-2,0.02
us-west-1,ap-southeast-2,0.02
eu-west-2,ap-east-2,0.02
eu-south-2,ap-east-2,0.02
eu-south-2,ap-southeast-4,0.02
us-east-1,ap-northeast-1,0.02
us-east-2,me-central-1,0.02
eu-west-3,ap-south-2,0.02
us-east-2,ap-southeast-2,0.02
ca-central-1,eu-central-1,0.02
eu-central-1,ca-central-1,0.02
eu-west-1,ap-northeast-2,0.02
us-west-2,ap-northeast-3,0.02
eu-west-3,ap-southeast-5,0.02
ca-central-1,ap-northeast-2,0.02
eu-west-1,eu-central-2,0.02
eu-central-2,eu-west-1,0.02
us-east-2,ap-southeast-3,0.02
us-east-2,ap-south-2,0.02
us-west-1,ap-northeast-1,0.02
ca-central-1,ap-east-1,0.02
ca-central-1,ap-northeast-1,0.02
eu-central-2,ap-southeast-2,0.02
ca-central-1,ap-southeast-1,0.02
eu-south-2,us-west-1,0.02
us-west-1,eu-south-2,0.02
us-east-2,me-south-1,0.02
eu-central-2,ap-northeast-3,0.02
us-east-1,ap-southeast-5,0.02
eu-central-1,ap-southeast-4,0.02
eu-west-3,eu-central-1,0.02
eu-central-1,eu-west-3,0.02
eu-west-1,ap-south-2,0.02
ca-central-1,ap-southeast-4,0.02
eu-west-1,ap-southeast-1,0.02
us-west-1,ca-west-1,0.02
ca-west-1,us-west-1,0.02
mx-central-1,us-east-1,0.02
us-east-1,mx-central-1,0.02
eu-north-1,ca-central-1,0.02
ca-central-1,eu-north-1,0.02
us-east-1,us-west-1,0.02
us-west-1,us-east-1,0.02
eu-west-2,eu-north-1,0.02
eu-north-1,eu-west-2,0.02
eu-south-2,ap-southeast-2,0.02
eu-central-2,me-central-1,0.02
eu-north-1,sa-east-1,0.02
eu-south-2,ap-southeast-5,0.02
us-west-2,eu-central-2,0.02
eu-central-2,us-west-2,0.02
eu-south-1,ap-south-2,0.02
eu-central-1,eu-west-2,0.02
eu-west-2,eu-central-1,0.02
us-east-1,eu-central-2,0.02
eu-central-2,us-east-1,0.02
us-east-2,ap-south-1,0.02
eu-central-1,il-central-1,0.02
eu-north-1,ap-northeast-2,0.02
eu-west-1,ap-south-1,0.02
eu-south-2,ap-northeast-2,0.02
ca-central-1,eu-west-1,0.02
eu-west-1,ca-central-1,0.02
eu-central-1,eu-south-2,0.02
eu-south-2,eu-central-1,0.02
eu-central-2,ap-southeast-5,0.02
eu-central-2,ap-south-2,0.02
us-west-2,us-west-1,0.02
us-west-1,us-west-2,0.02
eu-north-1,me-south-1,0.02
us-east-1,ap-south-2,0.02
us-west-1,af-south-1,0.02
eu-west-2,ap-northeast-3,0.02
eu-south-1,ap-south-1,0.02
us-east-2,ap-southeast-1,0.02
us-west-1,il-central-1,0.02
eu-west-2,ap-southeast-6,0.02
eu-west-2,me-central-1,0.02
eu-south-2,ap-southeast-1,0.02
us-west-2,ap-southeast-2,0.02
us-east-1,ap-south-1,0.02
mx-central-1,us-west-2,0.02
us-west-2,mx-central-1,0.02
eu-west-3,ap-southeast-3,0.02
eu-south-1,ap-southeast-6,0.02
eu-north-1,ap-east-1,0.02
eu-north-1,ap-south-2,0.02
ca-central-1,ap-southeast-3,0.02
eu-south-1,ap-southeast-2,0.02
us-east-1,ap-east-1,0.02
eu-south-2,me-central-1,0.02
eu-central-1,eu-central-2,0.02
eu-central-2,eu-central-1,0.02
eu-south-2,us-west-2,0.02
us-west-2,eu-south-2,0.02
eu-south-1,ap-northeast-2,0.02
eu-north-1,ap-east-2,0.02
eu-central-1,ap-south-2,0.02
us-east-2,ap-northeast-3,0.02
eu-central-2,ap-northeast-1,0.02
eu-west-3,ap-south-1,0.02
eu-west-3,us-east-1,0.02
us-east-1,eu-west-3,0.02
us-east-1,ap-southeast-6,0.02
ca-central-1,ap-east-2,0.02
eu-south-1,ap-southeast-1,0.02
ca-central-1,mx-central-1,0.02
mx-central-1,ca-central-1,0.02
us-west-2,ap-east-2,0.02
eu-central-1,ap-northeast-2,0.02
eu-west-3,ap-east-1,0.02
eu-south-2,ap-northeast-3,0.02
eu-central-1,af-south-1,0.02
us-east-1,ap-southeast-3,0.02
eu-central-1,ap-northeast-1,0.02
us-west-2,us-east-1,0.02
us-east-1,us-west-2,0.02
eu-west-1,ap-northeast-3,0.02
ca-central-1,me-south-1,0.02
eu-north-1,ap-southeast-3,0.02
eu-west-2,us-east-2,0.02
us-east-2,eu-west-2,0.02
eu-central-2,il-central-1,0.02
eu-west-2,ca-central-1,0.02
ca-central-1,eu-west-2,0.02
us-west-1,ap-northeast-3,0.02
us-west-1,sa-east-1,0.02
eu-west-3,eu-south-2,0.02
eu-south-2,eu-west-3,0.02
eu-north-1,ap-southeast-2,0.02
us-west-2,ap-southeast-6,0.02
eu-west-2,ap-southeast-3,0.02
eu-west-1,ap-southeast-2,0.02
eu-north-1,us-east-2,0.02
us-east-2,eu-north-1,0.02
eu-central-2,ap-east-1,0.02
us-east-2,ap-southeast-5,0.02
eu-south-2,sa-east-1,0.02
eu-west-1,sa-east-1,0.02
eu-central-1,ap-northeast-3,0.02
us-east-2,ap-northeast-1,0.02
eu-west-3,af-south-1,0.02
us-east-2,ap-southeast-6,0.02
eu-west-2,ap-east-1,0.02
us-east-1,af-south-1,0.02
eu-north-1,ap-southeast-4,0.02
eu-central-1,sa-east-1,0.02
eu-south-2,eu-central-2,0.02
eu-central-2,eu-south-2,0.02
eu-north-1,ap-southeast-6,0.02
eu-south-1,me-south-1,0.02
eu-west-1,ap-southeast-4,0.02
us-west-2,ap-south-2,0.02
us-east-1,il-central-1,0.02
us-west-2,eu-central-1,0.02
eu-central-1,us-west-2,0.02
eu-south-1,ap-northeast-3,0.02
us-west-1,me-central-1,0.02
eu-south-2,eu-west-2,0.02
eu-west-2,eu-south-2,0.02
eu-west-1,eu-north-1,0.02
eu-north-1,eu-west-1,0.02
eu-central-1,ap-east-1,0.02
eu-west-1,us-west-1,0.02
us-west-1,eu-west-1,0.02
us-west-2,il-central-1,0.02
eu-west-2,us-east-1,0.02
us-east-1,eu-west-2,0.02
us-east-1,me-central-1,0.02
us-east-2,ap-northeast-2,0.02
us-east-2,eu-west-3,0.02
eu-west-3,us-east-2,0.02
us-east-2,us-west-1,0.02
us-west-1,us-east-2,0.02
ca-west-1,mx-central-1,0.02
mx-central-1,ca-west-1,0.02
eu-south-1,eu-west-3,0.02
eu-west-3,eu-south-1,0.02
us-west-1,ap-east-2,0.02
eu-west-2,eu-central-2,0.02
eu-central-2,eu-west-2,0.02
us-west-2,eu-west-1,0.02
eu-west-1,us-west-2,0.02
eu-central-2,us-east-2,0.02
us-east-2,eu-central-2,0.02
eu-south-2,ap-south-2,0.02
eu-south-2,ap-southeast-3,0.02
eu-south-2,ap-east-1,0.02
us-west-2,ap-southeast-5,0.02
eu-west-2,me-south-1,0.02
mx-central-1,us-east-2,0.02
us-east-2,mx-central-1,0.02
us-west-2,me-central-1,0.02
eu-west-3,ap-east-2,0.02
us-east-1,eu-south-2,0.02
eu-south-2,us-east-1,0.02
eu-south-1,af-south-1,0.02
us-west-2,ap-northeast-1,0.02
us-west-1,ap-south-2,0.02
eu-west-2,ap-south-1,0.02
eu-north-1,us-west-1,0.02
us-west-1,eu-north-1,0.02
eu-west-2,us-west-2,0.02
us-west-2,eu-west-2,0.02
eu-south-1,ap-southeast-4,0.02
ca-central-1,ap-southeast-6,0.02
eu-north-1,ap-south-1,0.02
eu-west-1,eu-west-3,0.02
eu-west-3,eu-west-1,0.02
eu-west-2,sa-east-1,0.02
eu-north-1,af-south-1,0.02
eu-north-1,me-central-1,0.02
us-west-1,eu-south-1,0.02
eu-south-1,us-west-1,0.02
eu-west-1,us-east-1,0.02
us-east-1,eu-west-1,0.02
eu-central-1,me-south-1,0.02
us-east-1,ap-southeast-4,0.02
eu-west-3,ap-southeast-6,0.02
eu-central-2,me-south-1,0.02
eu-west-3,eu-west-2,0.02
eu-west-2,eu-west-3,0.02
ca-central-1,ap-northeast-3,0.02
us-west-2,eu-south-1,0.02
eu-south-1,us-west-2,0.02
us-east-2,eu-south-1,0.02
eu-south-1,us-east-2,0.02
eu-west-2,ap-southeast-1,0.02
eu-south-1,ca-central-1,0.02
ca-central-1,eu-south-1,0.02
ca-west-1,us-east-1,0.02
us-east-1,ca-west-1,0.02
eu-west-1,eu-south-2,0.02
eu-south-2,eu-west-1,0.02
eu-south-2,eu-south-1,0.02
eu-south-1,eu-south-2,0.02
eu-west-2,ap-northeast-1,0.02
us-west-2,ap-southeast-1,0.02
ca-central-1,af-south-1,0.02
eu-west-1,af-south-1,0.02
eu-west-3,il-central-1,0.02
ca-central-1,ap-southeast-5,0.02
us-east-2,ap-east-1,0.02
eu-south-1,sa-east-1,0.02
us-west-1,ap-northeast-2,0.02
eu-west-3,ap-northeast-3,0.02
eu-west-3,us-west-2,0.02
us-west-2,eu-west-3,0.02
us-east-1,eu-south-1,0.02
eu-south-1,us-east-1,0.02
eu-north-1,il-central-1,0.02
us-west-1,eu-central-2,0.02
eu-central-2,us-west-1,0.02
eu-central-1,eu-west-1,0.02
eu-west-1,eu-central-1,0.02
eu-central-1,ap-southeast-1,0.02
mx-central-1,us-west-1,0.02
us-west-1,mx-central-1,0.02
eu-south-1,ap-southeast-3,0.02
us-east-2,il-central-1,0.02
eu-central-2,eu-west-3,0.02
eu-west-3,eu-central-2,0.02
us-west-2,ca-west-1,0.02
ca-west-1,us-west-2,0.02
us-west-1,ap-southeast-3,0.02
eu-north-1,ap-northeast-1,0.02
eu-central-2,ap-southeast-6,0.02
eu-central-1,me-central-1,0.02
eu-central-1,eu-south-1,0.02
eu-south-1,eu-central-1,0.02
eu-west-1,ap-northeast-1,0.02
us-east-2,eu-south-2,0.02
eu-south-2,us-east-2,0.02
eu-west-3,me-south-1,0.02
eu-west-3,ap-southeast-4,0.02
us-east-1,sa-east-1,0.02
eu-north-1,eu-south-1,0.02
eu-south-1,eu-north-1,0.02
eu-west-2,eu-west-1,0.02
eu-west-1,eu-west-2,0.02
eu-west-1,il-central-1,0.02
us-west-2,eu-north-1,0.02
eu-north-1,us-west-2,0.02
ca-central-1,ap-southeast-2,0.02
eu-central-2,sa-east-1,0.02
us-west-2,ap-southeast-3,0.02
eu-central-2,af-south-1,0.02
eu-central-1,ap-southeast-5,0.02
eu-central-1,us-east-2,0.02
us-east-2,eu-central-1,0.02
eu-west-3,ap-northeast-1,0.02
eu-central-1,eu-north-1,0.02
eu-north-1,eu-central-1,0.02
eu-central-2,ap-southeast-1,0.02
us-east-1,ca-central-1,0.02
ca-central-1,us-east-1,0.02
eu-north-1,eu-central-2,0.02
eu-central-2,eu-north-1,0.02
us-west-1,ca-central-1,0.02
ca-central-1,us-west-1,0.02
ap-southeast-2,af-south-1,0.098
ap-southeast-2,eu-west-2,0.098
ap-southeast-2,mx-central-1,0.098
ap-southeast-6,ap-northeast-1,0.098
ap-southeast-2,ap-southeast-7,0.098
ap-southeast-2,ap-southeast-1,0.098
ap-southeast-6,ap-northeast-2,0.098
ap-southeast-2,eu-central-1,0.098
ap-southeast-6,ap-southeast-1,0.098
ap-southeast-6,us-west-1,0.098
ap-southeast-6,ap-east-2,0.098
ap-southeast-6,eu-west-1,0.098
ap-southeast-6,ca-west-1,0.098
ap-southeast-6,eu-central-1,0.098
ap-southeast-6,mx-central-1,0.098
ap-southeast-2,me-south-1,0.098
ap-southeast-6,ap-south-2,0.098
ap-southeast-6,ap-southeast-3,0.098
ap-southeast-6,ap-northeast-3,0.098
ap-southeast-6,eu-south-2,0.098
ap-southeast-2,eu-west-3,0.098
ap-southeast-2,us-east-1,0.098
ap-southeast-6,ap-east-1,0.098
ap-southeast-2,us-west-1,0.098
ap-southeast-2,us-east-2,0.098
ap-southeast-6,ap-south-1,0.098
ap-southeast-2,eu-central-2,0.098
ap-southeast-2,eu-south-2,0.098
ap-southeast-2,me-central-1,0.098
ap-southeast-2,sa-east-1,0.098
ap-southeast-2,ap-northeast-3,0.098
ap-southeast-2,ap-northeast-1,0.098
ap-southeast-2,ap-east-1,0.098
ap-southeast-6,eu-west-2,0.098
ap-southeast-2,us-west-2,0.098
ap-southeast-6,eu-south-1,0.098
ap-southeast-2,eu-south-1,0.098
ap-southeast-6,us-east-1,0.098
ap-southeast-2,ap-southeast-3,0.098
ap-southeast-2,il-central-1,0.098
ap-southeast-2,eu-north-1,0.098
ap-southeast-6,us-west-2,0.098
ap-southeast-2,ap-south-1,0.098
ap-southeast-2,eu-west-1,0.098
ap-southeast-2,ap-south-2,0.098
ap-southeast-6,sa-east-1,0.098
ap-southeast-2,ap-northeast-2,0.098
ap-southeast-6,us-east-2,0.098
ap-southeast-2,ap-southeast-5,0.098
ap-southeast-6,ap-southeast-7,0.098
ap-southeast-6,eu-north-1,0.098
ap-southeast-6,il-central-1,0.098
ap-southeast-6,me-central-1,0.098
ap-southeast-6,ap-southeast-5,0.098
ap-southeast-6,ca-central-1,0.098
ap-southeast-6,eu-west-3,0.098
ap-southeast-2,ca-west-1,0.098
ap-southeast-6,me-south-1,0.098
ap-southeast-6,af-south-1,0.098
ap-southeast-2,ap-east-2,0.098
ap-southeast-6,eu-central-2,0.098
ap-southeast-2,ca-central-1,0.098
af-south-1,ap-southeast-2,0.147
af-south-1,eu-west-2,0.147
af-south-1,ap-southeast-5,0.147
af-south-1,us-east-2,0.147
af-south-1,eu-south-2,0.147
af-south-1,ap-southeast-3,0.147
af-south-1,me-south-1,0.147
af-south-1,us-west-2,0.147
af-south-1,ca-west-1,0.147
af-south-1,ap-southeast-1,0.147
af-south-1,ap-east-1,0.147
af-south-1,ap-northeast-3,0.147
af-south-1,us-west-1,0.147
af-south-1,ap-south-2,0.147
af-south-1,eu-central-1,0.147
af-south-1,ap-southeast-7,0.147
af-south-1,mx-central-1,0.147
af-south-1,ap-southeast-4,0.147
af-south-1,eu-west-3,0.147
af-south-1,us-east-1,0.147
af-south-1,ap-northeast-2,0.147
af-south-1,me-central-1,0.147
af-south-1,ap-east-2,0.147
af-south-1,ap-south-1,0.147
af-south-1,eu-south-1,0.147
af-south-1,eu-north-1,0.147
af-south-1,il-central-1,0.147
af-south-1,ca-central-1,0.147
af-south-1,eu-west-1,0.147
af-south-1,sa-east-1,0.147
af-south-1,ap-southeast-6,0.147
af-south-1,eu-central-2,0.147
af-south-1,ap-northeast-1,0.147
ap-southeast-1,ap-south-2,0.09
ap-east-1,us-west-2,0.09
ap-northeast-1,sa-east-1,0.09
ap-east-1,ap-southeast-3,0.09
ap-southeast-1,il-central-1,0.09
ap-southeast-1,ap-southeast-4,0.09
ap-northeast-1,ap-southeast-7,0.09
ap-southeast-1,us-east-1,0.09
ap-southeast-1,us-west-1,0.09
ap-northeast-1,eu-south-2,0.09
ap-northeast-1,il-central-1,0.09
ap-southeast-1,ca-west-1,0.09
ap-northeast-3,me-central-1,0.09
ap-east-1,me-south-1,0.09
ap-northeast-1,ap-southeast-6,0.09
ap-southeast-1,eu-west-3,0.09
ap-northeast-1,ap-northeast-3,0.09
ap-northeast-3,ap-northeast-1,0.09
ap-northeast-3,ap-southeast-5,0.09
ap-southeast-1,ap-southeast-2,0.09
ap-northeast-1,eu-south-1,0.09
ap-northeast-3,us-east-1,0.09
ap-northeast-1,me-central-1,0.09
ap-southeast-1,eu-north-1,0.09
ap-northeast-3,ca-west-1,0.09
ap-southeast-1,ap-southeast-6,0.09
ap-east-1,eu-south-1,0.09
ap-east-1,ap-south-1,0.09
ap-east-1,ap-northeast-2,0.09
ap-southeast-1,ap-northeast-2,0.09
ap-northeast-3,ap-south-2,0.09
ap-northeast-3,mx-central-1,0.09
ap-east-1,us-west-1,0.09
ap-northeast-3,eu-north-1,0.09
ap-northeast-3,il-central-1,0.09
ap-northeast-3,ap-southeast-6,0.09
ap-southeast-1,sa-east-1,0.09
ap-southeast-1,af-south-1,0.09
ap-east-1,eu-west-1,0.09
ap-east-1,ap-southeast-6,0.09
ap-northeast-3,ap-northeast-2,0.09
ap-northeast-1,ap-southeast-4,0.09
ap-east-1,ap-east-2,0.09
ap-northeast-1,us-east-1,0.09
ap-northeast-3,us-west-2,0.09
ap-east-1,sa-east-1,0.09
ap-northeast-1,ap-southeast-5,0.09
ap-southeast-1,ap-southeast-3,0.09
ap-east-1,ap-northeast-3,0.09
ap-northeast-3,ap-east-1,0.09
ap-northeast-1,us-west-1,0.09
ap-east-1,ap-northeast-1,0.09
ap-northeast-1,ap-east-1,0.09
ap-east-1,ca-central-1,0.09
ap-east-1,ap-southeast-4,0.09
ap-northeast-1,ap-east-2,0.09
ap-northeast-1,ca-central-1,0.09
ap-southeast-1,ca-central-1,0.09
ap-northeast-3,eu-central-2,0.09
ap-southeast-1,eu-west-1,0.09
ap-southeast-1,ap-south-1,0.09
ap-southeast-1,me-south-1,0.09
ap-northeast-3,ap-southeast-2,0.09
ap-northeast-3,sa-east-1,0.09
ap-northeast-1,ap-southeast-2,0.09
ap-east-1,af-south-1,0.09
ap-northeast-3,af-south-1,0.09
ap-east-1,ap-southeast-2,0.09
ap-northeast-3,eu-west-2,0.09
ap-southeast-1,us-east-2,0.09
ap-northeast-1,ap-northeast-2,0.09
ap-southeast-1,eu-south-2,0.09
ap-east-1,ap-southeast-1,0.09
ap-southeast-1,ap-east-1,0.09
ap-east-1,il-central-1,0.09
ap-east-1,eu-north-1,0.09
ap-east-2,ap-northeast-3,0.09
ap-east-1,us-east-1,0.09
ap-east-1,ca-west-1,0.09
ap-northeast-1,ap-south-1,0.09
ap-northeast-3,us-east-2,0.09
ap-northeast-1,eu-central-2,0.09
ap-southeast-1,eu-south-1,0.09
ap-east-1,eu-west-3,0.09
ap-northeast-3,eu-south-2,0.09
ap-northeast-1,eu-central-1,0.09
ap-northeast-3,eu-west-1,0.09
ap-southeast-1,me-central-1,0.09
ap-northeast-1,ap-southeast-1,0.09
ap-southeast-1,ap-northeast-1,0.09
ap-east-1,ap-southeast-5,0.09
ap-northeast-3,us-west-1,0.09
ap-east-1,eu-central-2,0.09
ap-northeast-3,eu-central-1,0.09
ap-northeast-3,ap-southeast-7,0.09
ap-northeast-1,us-east-2,0.09
ap-east-1,eu-west-2,0.09
ap-northeast-3,eu-south-1,0.09
ap-east-1,mx-central-1,0.09
ap-east-1,eu-central-1,0.09
ap-northeast-1,mx-central-1,0.09
ap-southeast-1,ap-east-2,0.09
ap-east-1,me-central-1,0.09
ap-east-1,eu-south-2,0.09
ap-southeast-1,ap-northeast-3,0.09
ap-northeast-3,ap-southeast-1,0.09
ap-northeast-1,us-west-2,0.09
ap-northeast-1,ap-southeast-3,0.09
ap-northeast-1,ca-west-1,0.09
ap-northeast-3,ca-central-1,0.09
ap-southeast-1,eu-west-2,0.09
ap-northeast-1,eu-west-2,0.09
ap-southeast-1,us-west-2,0.09
ap-northeast-3,me-south-1,0.09
ap-northeast-1,ap-south-2,0.09
ap-northeast-1,me-south-1,0.09
ap-east-1,us-east-2,0.09
ap-northeast-3,eu-west-3,0.09
ap-east-1,ap-southeast-7,0.09
ap-southeast-1,eu-central-1,0.09
ap-northeast-3,ap-southeast-4,0.09
ap-northeast-1,eu-north-1,0.09
ap-northeast-1,eu-west-1,0.09
ap-southeast-1,mx-central-1,0.09
ap-northeast-3,ap-south-1,0.09
ap-northeast-1,af-south-1,0.09
ap-northeast-1,eu-west-3,0.09
ap-northeast-3,ap-southeast-3,0.09
ap-southeast-3,ap-northeast-3,0.09
ap-southeast-1,eu-central-2,0.09
ap-east-1,ap-south-2,0.09
ap-south-2,ap-southeast-1,0.086
ap-south-2,ap-southeast-3,0.086
ap-south-1,mx-central-1,0.086
ap-south-1,eu-central-1,0.086
ap-south-2,eu-west-2,0.086
ap-south-2,ca-central-1,0.086
ap-south-1,me-south-1,0.086
ap-south-1,ca-central-1,0.086
ap-south-1,eu-south-2,0.086
ap-south-2,sa-east-1,0.086
ap-south-1,ap-southeast-7,0.086
ap-south-1,ap-northeast-2,0.086
ap-south-1,eu-central-2,0.086
ap-south-1,us-west-2,0.086
ap-south-2,ap-northeast-2,0.086
ap-south-1,us-west-1,0.086
ap-south-1,ap-east-1,0.086
ap-south-2,ap-northeast-3,0.086
ap-south-2,ap-southeast-6,0.086
ap-south-2,eu-west-3,0.086
ap-south-1,ap-southeast-6,0.086
ap-south-2,us-east-2,0.086
ap-south-2,eu-west-1,0.086
ap-south-1,ap-southeast-5,0.086
ap-south-1,ap-southeast-1,0.086
ap-south-2,eu-south-1,0.086
ap-south-1,us-east-2,0.086
ap-south-2,ap-southeast-5,0.086
ap-south-1,eu-west-1,0.086
ap-south-2,eu-central-2,0.086
ap-south-2,us-east-1,0.086
ap-south-2,mx-central-1,0.086
ap-south-1,eu-south-1,0.086
ap-south-2,ca-west-1,0.086
ap-south-2,af-south-1,0.086
ap-south-1,us-east-1,0.086
ap-south-2,eu-north-1,0.086
ap-south-1,ap-northeast-1,0.086
ap-south-2,ap-east-2,0.086
ap-south-2,eu-central-1,0.086
ap-south-1,eu-west-3,0.086
ap-south-1,ap-east-2,0.086
ap-south-2,ap-southeast-7,0.086
ap-south-2,ap-southeast-4,0.086
ap-south-2,me-south-1,0.086
ap-south-2,il-central-1,0.086
ap-south-1,ap-southeast-2,0.086
ap-south-2,ap-southeast-2,0.086
ap-south-2,us-west-2,0.086
ap-south-1,sa-east-1,0.086
ap-south-1,ca-west-1,0.086
ap-south-2,eu-south-2,0.086
ap-south-1,af-south-1,0.086
ap-south-2,us-west-1,0.086
ap-south-1,eu-west-2,0.086
ap-south-1,me-central-1,0.086
ap-south-1,eu-north-1,0.086
ap-south-1,ap-southeast-4,0.086
ap-south-1,ap-south-2,0.086
ap-south-2,ap-south-1,0.086
ap-south-2,ap-northeast-1,0.086
ap-south-1,ap-southeast-3,0.086
ap-south-2,me-central-1,0.086
ap-south-1,ap-northeast-3,0.086
ap-south-1,il-central-1,0.086
ap-south-2,ap-east-1,0.086
sa-east-1,us-east-2,0.138
sa-east-1,eu-west-3,0.138
sa-east-1,ap-northeast-1,0.138
sa-east-1,ca-central-1,0.138
sa-east-1,us-west-2,0.138
sa-east-1,ap-south-2,0.138
sa-east-1,ca-west-1,0.138
sa-east-1,il-central-1,0.138
sa-east-1,ap-east-2,0.138
sa-east-1,ap-southeast-4,0.138
sa-east-1,ap-southeast-1,0.138
sa-east-1,me-south-1,0.138
sa-east-1,ap-east-1,0.138
sa-east-1,mx-central-1,0.138
sa-east-1,ap-southeast-2,0.138
sa-east-1,me-central-1,0.138
sa-east-1,eu-north-1,0.138
sa-east-1,ap-northeast-3,0.138
sa-east-1,ap-southeast-3,0.138
ap-southeast-3,sa-east-1,0.138
sa-east-1,us-west-1,0.138
sa-east-1,eu-south-2,0.138
sa-east-1,eu-west-1,0.138
sa-east-1,ap-southeast-6,0.138
sa-east-1,eu-central-1,0.138
sa-east-1,ap-southeast-5,0.138
sa-east-1,ap-south-1,0.138
sa-east-1,eu-west-2,0.138
sa-east-1,af-south-1,0.138
sa-east-1,eu-south-1,0.138
sa-east-1,us-east-1,0.138
sa-east-1,eu-central-2,0.138
sa-east-1,ap-northeast-2,0.138
me-central-1,ca-central-1,0.085
me-central-1,ap-northeast-3,0.085
me-central-1,il-central-1,0.085
me-central-1,ap-northeast-1,0.085
me-central-1,eu-south-1,0.085
me-central-1,ap-northeast-2,0.085
me-central-1,eu-west-3,0.085
me-central-1,ca-west-1,0.085
me-central-1,eu-west-1,0.085
me-central-1,us-east-2,0.085
me-central-1,ap-southeast-2,0.085
me-central-1,eu-central-2,0.085
me-central-1,sa-east-1,0.085
me-central-1,ap-southeast-4,0.085
me-central-1,eu-west-2,0.085
me-central-1,eu-south-2,0.085
me-central-1,ap-southeast-3,0.085
me-central-1,ap-southeast-1,0.085
me-central-1,us-west-1,0.085
me-central-1,af-south-1,0.085
me-central-1,mx-central-1,0.085
me-central-1,us-east-1,0.085
me-central-1,ap-southeast-6,0.085
me-central-1,ap-east-1,0.085
me-central-1,ap-east-2,0.085
me-central-1,us-west-2,0.085
me-central-1,ap-south-1,0.085
me-central-1,eu-north-1,0.085
me-central-1,me-south-1,0.085
me-central-1,eu-central-1,0.085
me-central-1,ap-southeast-5,0.085
me-central-1,ap-south-2,0.085
ap-southeast-4,eu-central-2,0.1
ap-southeast-4,us-west-1,0.1
ap-southeast-4,us-east-2,0.1
ap-southeast-3,ap-east-1,0.1
ap-southeast-3,ap-south-2,0.1
ap-southeast-4,eu-west-2,0.1
ap-southeast-4,ap-southeast-1,0.1
ap-southeast-4,mx-central-1,0.1
ap-southeast-3,ap-southeast-7,0.1
ap-southeast-3,me-south-1,0.1
ap-southeast-3,eu-central-2,0.1
ap-southeast-3,af-south-1,0.1
ap-southeast-3,eu-central-1,0.1
ap-southeast-4,ap-southeast-7,0.1
ap-southeast-3,ca-west-1,0.1
ap-southeast-3,mx-central-1,0.1
ap-southeast-4,sa-east-1,0.1
ap-southeast-3,ap-southeast-6,0.1
ap-southeast-3,ap-southeast-5,0.1
ap-southeast-3,eu-west-1,0.1
ap-southeast-4,ap-northeast-1,0.1
ap-southeast-4,us-west-2,0.1
ap-southeast-3,ap-east-2,0.1
ap-southeast-4,eu-south-2,0.1
ap-southeast-3,ap-southeast-1,0.1
ap-southeast-3,us-east-2,0.1
ap-southeast-4,ap-east-1,0.1
ap-southeast-4,eu-central-1,0.1
ap-southeast-4,ca-central-1,0.1
ap-southeast-3,il-central-1,0.1
ap-southeast-4,ap-northeast-2,0.1
ap-southeast-3,eu-west-3,0.1
ap-southeast-3,ca-central-1,0.1
ap-southeast-3,me-central-1,0.1
ap-southeast-3,us-east-1,0.1
ap-southeast-4,ap-south-2,0.1
ap-southeast-3,ap-southeast-2,0.1
ap-southeast-3,eu-north-1,0.1
ap-southeast-3,eu-west-2,0.1
ap-southeast-4,af-south-1,0.1
ap-southeast-4,eu-north-1,0.1
ap-southeast-4,eu-west-1,0.1
ap-southeast-4,ap-southeast-5,0.1
ap-southeast-4,ca-west-1,0.1
ap-southeast-3,eu-south-2,0.1
ap-southeast-4,ap-east-2,0.1
ap-southeast-3,ap-northeast-2,0.1
ap-southeast-4,eu-south-1,0.1
ap-southeast-4,ap-south-1,0.1
ap-southeast-4,us-east-1,0.1
ap-southeast-3,ap-northeast-1,0.1
ap-southeast-3,eu-south-1,0.1
ap-southeast-4,ap-northeast-3,0.1
ap-southeast-3,ap-southeast-4,0.1
ap-southeast-4,ap-southeast-3,0.1
ap-southeast-3,us-west-1,0.1
ap-southeast-3,ap-south-1,0.1
ap-southeast-4,eu-west-3,0.1
ap-southeast-3,us-west-2,0.1
ca-west-1,me-south-1,0.14
mx-central-1,il-central-1,0.14
ap-east-2,mx-central-1,0.14
ap-east-2,sa-east-1,0.14
ca-west-1,il-central-1,0.14
ca-west-1,af-south-1,0.14
ca-west-1,me-central-1,0.14
ap-southeast-4,il-central-1,0.14
ap-southeast-4,me-central-1,0.14
ap-southeast-4,me-south-1,0.14
mx-central-1,af-south-1,0.14
mx-central-1,me-south-1,0.14
ap-southeast-5,sa-east-1,0.14
mx-central-1,me-central-1,0.14
ap-southeast-7,sa-east-1,0.14
sa-east-1,ap-southeast-7,0.14
me-south-1,ca-west-1,0.1105
me-south-1,eu-west-1,0.1105
me-south-1,us-east-1,0.1105
me-south-1,ap-south-1,0.1105
me-south-1,il-central-1,0.1105
me-south-1,ap-east-1,0.1105
me-south-1,ap-southeast-3,0.1105
me-south-1,us-west-1,0.1105
me-south-1,af-south-1,0.1105
me-south-1,us-west-2,0.1105
me-south-1,ap-southeast-5,0.1105
me-south-1,ap-southeast-2,0.1105
me-south-1,eu-south-2,0.1105
me-south-1,sa-east-1,0.1105
me-south-1,us-east-2,0.1105
me-south-1,ap-southeast-1,0.1105
me-south-1,eu-north-1,0.1105
me-south-1,ap-southeast-4,0.1105
me-south-1,ca-central-1,0.1105
me-south-1,ap-south-2,0.1105
me-south-1,mx-central-1,0.1105
me-south-1,ap-northeast-2,0.1105
me-south-1,eu-south-1,0.1105
me-south-1,ap-east-2,0.1105
me-south-1,eu-west-2,0.1105
me-south-1,ap-southeast-7,0.1105
me-south-1,me-central-1,0.1105
me-south-1,eu-central-1,0.1105
me-south-1,eu-central-2,0.1105
me-south-1,ap-southeast-6,0.1105
me-central-1,ap-southeast-7,0.1105
me-south-1,ap-northeast-3,0.1105
me-south-1,ap-northeast-1,0.1105
me-south-1,eu-west-3,0.1105
ap-southeast-5,af-south-1,0.11
ap-southeast-5,me-south-1,0.11
ap-southeast-5,il-central-1,0.11
ap-southeast-7,il-central-1,0.11
ap-east-2,il-central-1,0.11
ap-southeast-7,af-south-1,0.11
ap-east-2,af-south-1,0.11
ap-east-2,me-south-1,0.11
ap-east-2,me-central-1,0.11
ap-southeast-7,me-south-1,0.11
ap-southeast-7,me-central-1,0.11
ap-southeast-5,me-central-1,0.11
us-east-2,us-east-1,0.01
us-east-1,us-east-2,0.01
ca-west-1,sa-east-1,0.05
mx-central-1,eu-south-1,0.05
eu-south-1,mx-central-1,0.05
eu-central-2,ca-west-1,0.05
ca-west-1,eu-central-2,0.05
mx-central-1,eu-south-2,0.05
eu-south-2,mx-central-1,0.05
eu-south-1,ca-west-1,0.05
ca-west-1,eu-south-1,0.05
mx-central-1,eu-north-1,0.05
eu-north-1,mx-central-1,0.05
mx-central-1,sa-east-1,0.05
ca-west-1,eu-north-1,0.05
eu-north-1,ca-west-1,0.05
eu-central-1,mx-central-1,0.05
mx-central-1,eu-central-1,0.05
eu-west-2,ca-west-1,0.05
ca-west-1,eu-west-2,0.05
mx-central-1,eu-west-2,0.05
eu-west-2,mx-central-1,0.05
mx-central-1,eu-west-3,0.05
eu-west-3,mx-central-1,0.05
eu-central-1,ca-west-1,0.05
ca-west-1,eu-central-1,0.05
ca-west-1,eu-west-3,0.05
eu-west-3,ca-west-1,0.05
eu-central-2,mx-central-1,0.05
mx-central-1,eu-central-2,0.05
ca-west-1,eu-south-2,0.05
eu-south-2,ca-west-1,0.05
eu-west-1,mx-central-1,0.05
mx-central-1,eu-west-1,0.05
ca-west-1,eu-west-1,0.05
eu-west-1,ca-west-1,0.05
il-central-1,ap-southeast-4,0.15
il-central-1,ap-southeast-2,0.15
il-central-1,ap-southeast-6,0.15
