scenario_name,regions_in_scenario,num_regions,strategy,trace_index,task_type,trace_mode,region,strategy_file,task_duration,checkpoint_size,restart_overhead,deadline_ratio,deadline_hours,env_start_hours,use_full_trace,enforce_window_bound,data_paths,window_index,cost,migrations
V100 Cross-Area (3 regions),"['us-east-1c_v100_1', 'us-east-2b_v100_1', 'us-west-2a_v100_1']",3,unified_cost_model_rate_ratio,0,multi_region,,,,39.93888888888889,50.0,0.2,1.5,59.90833333333333,179.725,True,True,['data/converted_multi_region_aligned'],0,42.99431666666663,4
V100 Cross-Area (3 regions),"['us-east-1c_v100_1', 'us-east-2b_v100_1', 'us-west-2a_v100_1']",3,unified_cost_model_oracle,0,multi_region,,,,39.93888888888889,50.0,0.2,1.5,59.90833333333333,179.725,True,True,['data/converted_multi_region_aligned'],0,42.12594499999981,4
V100 Cross-Area (3 regions),"['us-east-1c_v100_1', 'us-east-2b_v100_1', 'us-west-2a_v100_1']",3,multi_region_oracle_dp,0,multi_region,,,,39.93888888888889,50.0,0.2,1.5,59.90833333333333,179.725,True,True,['data/converted_multi_region_aligned'],0,37.74127499999988,0
V100 Cross-Area (3 regions),"['us-east-1c_v100_1', 'us-east-2b_v100_1', 'us-west-2a_v100_1']",3,multi_region_rc_cr_threshold_eager_failover,0,multi_region,,,,39.93888888888889,50.0,0.2,1.5,59.90833333333333,179.725,True,True,['data/converted_multi_region_aligned'],0,44.529464999999725,6
V100 Cross-Area (3 regions),"['us-east-1c_v100_1', 'us-east-2b_v100_1', 'us-west-2a_v100_1']",3,multi_region_availability_probe_simple,0,multi_region,,,,39.93888888888889,50.0,0.2,1.5,59.90833333333333,179.725,True,True,['data/converted_multi_region_aligned'],0,44.716559999999724,6
V100 Cross-Area (3 regions),"['us-east-1c_v100_1', 'us-east-2b_v100_1', 'us-west-2a_v100_1']",3,multi_region_probe_cost_ratio,0,multi_region,,,,39.93888888888889,50.0,0.2,1.5,59.90833333333333,179.725,True,True,['data/converted_multi_region_aligned'],0,49.678126666666415,10
V100 Cross-Area (3 regions),"['us-east-1c_v100_1', 'us-east-2b_v100_1', 'us-west-2a_v100_1']",3,rc_cr_threshold,0,single_region,,us-east-1c_v100_1,,39.93888888888889,50.0,0.2,1.5,59.90833333333333,179.725,True,True,['data/converted_multi_region_aligned'],0,127.98618625000137,0
V100 Cross-Area (3 regions),"['us-east-1c_v100_1', 'us-east-2b_v100_1', 'us-west-2a_v100_1']",3,rc_cr_threshold,0,single_region,,us-east-2b_v100_1,,39.93888888888889,50.0,0.2,1.5,59.90833333333333,179.725,True,True,['data/converted_multi_region_aligned'],0,77.64260833333282,0
V100 Cross-Area (3 regions),"['us-east-1c_v100_1', 'us-east-2b_v100_1', 'us-west-2a_v100_1']",3,rc_cr_threshold,0,single_region,,us-west-2a_v100_1,,39.93888888888889,50.0,0.2,1.5,59.90833333333333,179.725,True,True,['data/converted_multi_region_aligned'],0,39.133574999999944,0
V100 Cross-Area (3 regions),"['us-east-1c_v100_1', 'us-east-2b_v100_1', 'us-west-2a_v100_1']",3,unified_cost_model_rate_ratio,0,multi_region,,,,39.93888888888889,50.0,0.2,1.5,59.90833333333333,299.5416666666667,True,True,['data/converted_multi_region_aligned'],1,45.19474125000007,4
V100 Cross-Area (3 regions),"['us-east-1c_v100_1', 'us-east-2b_v100_1', 'us-west-2a_v100_1']",3,unified_cost_model_oracle,0,multi_region,,,,39.93888888888889,50.0,0.2,1.5,59.90833333333333,299.5416666666667,True,True,['data/converted_multi_region_aligned'],1,45.83522499999993,7
V100 Cross-Area (3 regions),"['us-east-1c_v100_1', 'us-east-2b_v100_1', 'us-west-2a_v100_1']",3,multi_region_oracle_dp,0,multi_region,,,,39.93888888888889,50.0,0.2,1.5,59.90833333333333,299.5416666666667,True,True,['data/converted_multi_region_aligned'],1,37.54237499999987,0
V100 Cross-Area (3 regions),"['us-east-1c_v100_1', 'us-east-2b_v100_1', 'us-west-2a_v100_1']",3,multi_region_rc_cr_threshold_eager_failover,0,multi_region,,,,39.93888888888889,50.0,0.2,1.5,59.90833333333333,299.5416666666667,True,True,['data/converted_multi_region_aligned'],1,58.11102250000015,16
V100 Cross-Area (3 regions),"['us-east-1c_v100_1', 'us-east-2b_v100_1', 'us-west-2a_v100_1']",3,multi_region_availability_probe_simple,0,multi_region,,,,39.93888888888889,50.0,0.2,1.5,59.90833333333333,299.5416666666667,True,True,['data/converted_multi_region_aligned'],1,58.203775416666865,17
V100 Cross-Area (3 regions),"['us-east-1c_v100_1', 'us-east-2b_v100_1', 'us-west-2a_v100_1']",3,multi_region_probe_cost_ratio,0,multi_region,,,,39.93888888888889,50.0,0.2,1.5,59.90833333333333,299.5416666666667,True,True,['data/converted_multi_region_aligned'],1,64.8642666666669,23
V100 Cross-Area (3 regions),"['us-east-1c_v100_1', 'us-east-2b_v100_1', 'us-west-2a_v100_1']",3,rc_cr_threshold,0,single_region,,us-east-1c_v100_1,,39.93888888888889,50.0,0.2,1.5,59.90833333333333,299.5416666666667,True,True,['data/converted_multi_region_aligned'],1,116.886445000001,0
V100 Cross-Area (3 regions),"['us-east-1c_v100_1', 'us-east-2b_v100_1', 'us-west-2a_v100_1']",3,rc_cr_threshold,0,single_region,,us-east-2b_v100_1,,39.93888888888889,50.0,0.2,1.5,59.90833333333333,299.5416666666667,True,True,['data/converted_multi_region_aligned'],1,47.05642500000041,0
V100 Cross-Area (3 regions),"['us-east-1c_v100_1', 'us-east-2b_v100_1', 'us-west-2a_v100_1']",3,rc_cr_threshold,0,single_region,,us-west-2a_v100_1,,39.93888888888889,50.0,0.2,1.5,59.90833333333333,299.5416666666667,True,True,['data/converted_multi_region_aligned'],1,76.09582500000064,0
V100 Cross-Area (3 regions),"['us-east-1c_v100_1', 'us-east-2b_v100_1', 'us-west-2a_v100_1']",3,unified_cost_model_rate_ratio,0,multi_region,,,,39.93888888888889,50.0,0.2,1.5,59.90833333333333,419.35833333333335,True,True,['data/converted_multi_region_aligned'],2,37.046791666666515,0
V100 Cross-Area (3 regions),"['us-east-1c_v100_1', 'us-east-2b_v100_1', 'us-west-2a_v100_1']",3,unified_cost_model_oracle,0,multi_region,,,,39.93888888888889,50.0,0.2,1.5,59.90833333333333,419.35833333333335,True,True,['data/converted_multi_region_aligned'],2,36.99539999999985,0
V100 Cross-Area (3 regions),"['us-east-1c_v100_1', 'us-east-2b_v100_1', 'us-west-2a_v100_1']",3,multi_region_oracle_dp,0,multi_region,,,,39.93888888888889,50.0,0.2,1.5,59.90833333333333,419.35833333333335,True,True,['data/converted_multi_region_aligned'],2,36.99539999999985,0
V100 Cross-Area (3 regions),"['us-east-1c_v100_1', 'us-east-2b_v100_1', 'us-west-2a_v100_1']",3,multi_region_rc_cr_threshold_eager_failover,0,multi_region,,,,39.93888888888889,50.0,0.2,1.5,59.90833333333333,419.35833333333335,True,True,['data/converted_multi_region_aligned'],2,37.99539999999985,1
V100 Cross-Area (3 regions),"['us-east-1c_v100_1', 'us-east-2b_v100_1', 'us-west-2a_v100_1']",3,multi_region_availability_probe_simple,0,multi_region,,,,39.93888888888889,50.0,0.2,1.5,59.90833333333333,419.35833333333335,True,True,['data/converted_multi_region_aligned'],2,41.960859583333345,2
V100 Cross-Area (3 regions),"['us-east-1c_v100_1', 'us-east-2b_v100_1', 'us-west-2a_v100_1']",3,multi_region_probe_cost_ratio,0,multi_region,,,,39.93888888888889,50.0,0.2,1.5,59.90833333333333,419.35833333333335,True,True,['data/converted_multi_region_aligned'],2,43.80303166666662,5
V100 Cross-Area (3 regions),"['us-east-1c_v100_1', 'us-east-2b_v100_1', 'us-west-2a_v100_1']",3,rc_cr_threshold,0,single_region,,us-east-1c_v100_1,,39.93888888888889,50.0,0.2,1.5,59.90833333333333,419.35833333333335,True,True,['data/converted_multi_region_aligned'],2,90.19421125000099,0
V100 Cross-Area (3 regions),"['us-east-1c_v100_1', 'us-east-2b_v100_1', 'us-west-2a_v100_1']",3,rc_cr_threshold,0,single_region,,us-east-2b_v100_1,,39.93888888888889,50.0,0.2,1.5,59.90833333333333,419.35833333333335,True,True,['data/converted_multi_region_aligned'],2,49.72500000000013,0
V100 Cross-Area (3 regions),"['us-east-1c_v100_1', 'us-east-2b_v100_1', 'us-west-2a_v100_1']",3,rc_cr_threshold,0,single_region,,us-west-2a_v100_1,,39.93888888888889,50.0,0.2,1.5,59.90833333333333,419.35833333333335,True,True,['data/converted_multi_region_aligned'],2,38.1390749999999,0
V100 Cross-Area (3 regions),"['us-east-1c_v100_1', 'us-east-2b_v100_1', 'us-west-2a_v100_1']",3,unified_cost_model_rate_ratio,0,multi_region,,,,39.93888888888889,50.0,0.2,1.5,59.90833333333333,479.26666666666665,True,True,['data/converted_multi_region_aligned'],3,40.49234749999991,3
V100 Cross-Area (3 regions),"['us-east-1c_v100_1', 'us-east-2b_v100_1', 'us-west-2a_v100_1']",3,unified_cost_model_oracle,0,multi_region,,,,39.93888888888889,50.0,0.2,1.5,59.90833333333333,479.26666666666665,True,True,['data/converted_multi_region_aligned'],3,42.288249999999906,4
V100 Cross-Area (3 regions),"['us-east-1c_v100_1', 'us-east-2b_v100_1', 'us-west-2a_v100_1']",3,multi_region_oracle_dp,0,multi_region,,,,39.93888888888889,50.0,0.2,1.5,59.90833333333333,479.26666666666665,True,True,['data/converted_multi_region_aligned'],3,37.194299999999856,0
V100 Cross-Area (3 regions),"['us-east-1c_v100_1', 'us-east-2b_v100_1', 'us-west-2a_v100_1']",3,multi_region_rc_cr_threshold_eager_failover,0,multi_region,,,,39.93888888888889,50.0,0.2,1.5,59.90833333333333,479.26666666666665,True,True,['data/converted_multi_region_aligned'],3,49.61749833333327,11
V100 Cross-Area (3 regions),"['us-east-1c_v100_1', 'us-east-2b_v100_1', 'us-west-2a_v100_1']",3,multi_region_availability_probe_simple,0,multi_region,,,,39.93888888888889,50.0,0.2,1.5,59.90833333333333,479.26666666666665,True,True,['data/converted_multi_region_aligned'],3,56.009120416666676,17
V100 Cross-Area (3 regions),"['us-east-1c_v100_1', 'us-east-2b_v100_1', 'us-west-2a_v100_1']",3,multi_region_probe_cost_ratio,0,multi_region,,,,39.93888888888889,50.0,0.2,1.5,59.90833333333333,479.26666666666665,True,True,['data/converted_multi_region_aligned'],3,50.48061666666667,11
V100 Cross-Area (3 regions),"['us-east-1c_v100_1', 'us-east-2b_v100_1', 'us-west-2a_v100_1']",3,rc_cr_threshold,0,single_region,,us-east-1c_v100_1,,39.93888888888889,50.0,0.2,1.5,59.90833333333333,479.26666666666665,True,True,['data/converted_multi_region_aligned'],3,103.23244750000143,0
V100 Cross-Area (3 regions),"['us-east-1c_v100_1', 'us-east-2b_v100_1', 'us-west-2a_v100_1']",3,rc_cr_threshold,0,single_region,,us-east-2b_v100_1,,39.93888888888889,50.0,0.2,1.5,59.90833333333333,479.26666666666665,True,True,['data/converted_multi_region_aligned'],3,41.58667500000006,0
V100 Cross-Area (3 regions),"['us-east-1c_v100_1', 'us-east-2b_v100_1', 'us-west-2a_v100_1']",3,rc_cr_threshold,0,single_region,,us-west-2a_v100_1,,39.93888888888889,50.0,0.2,1.5,59.90833333333333,479.26666666666665,True,True,['data/converted_multi_region_aligned'],3,42.26625000000002,0
V100 Cross-Area (3 regions),"['us-east-1c_v100_1', 'us-east-2b_v100_1', 'us-west-2a_v100_1']",3,unified_cost_model_rate_ratio,0,multi_region,,,,39.93888888888889,50.0,0.2,1.5,59.90833333333333,838.7166666666667,True,True,['data/converted_multi_region_aligned'],4,42.92802541666681,2
V100 Cross-Area (3 regions),"['us-east-1c_v100_1', 'us-east-2b_v100_1', 'us-west-2a_v100_1']",3,unified_cost_model_oracle,0,multi_region,,,,39.93888888888889,50.0,0.2,1.5,59.90833333333333,838.7166666666667,True,True,['data/converted_multi_region_aligned'],4,42.707965416666916,3
V100 Cross-Area (3 regions),"['us-east-1c_v100_1', 'us-east-2b_v100_1', 'us-west-2a_v100_1']",3,multi_region_oracle_dp,0,multi_region,,,,39.93888888888889,50.0,0.2,1.5,59.90833333333333,838.7166666666667,True,True,['data/converted_multi_region_aligned'],4,37.393199999999865,0
V100 Cross-Area (3 regions),"['us-east-1c_v100_1', 'us-east-2b_v100_1', 'us-west-2a_v100_1']",3,multi_region_rc_cr_threshold_eager_failover,0,multi_region,,,,39.93888888888889,50.0,0.2,1.5,59.90833333333333,838.7166666666667,True,True,['data/converted_multi_region_aligned'],4,44.83580583333353,5
V100 Cross-Area (3 regions),"['us-east-1c_v100_1', 'us-east-2b_v100_1', 'us-west-2a_v100_1']",3,multi_region_availability_probe_simple,0,multi_region,,,,39.93888888888889,50.0,0.2,1.5,59.90833333333333,838.7166666666667,True,True,['data/converted_multi_region_aligned'],4,44.57361208333357,4
V100 Cross-Area (3 regions),"['us-east-1c_v100_1', 'us-east-2b_v100_1', 'us-west-2a_v100_1']",3,multi_region_probe_cost_ratio,0,multi_region,,,,39.93888888888889,50.0,0.2,1.5,59.90833333333333,838.7166666666667,True,True,['data/converted_multi_region_aligned'],4,46.18265416666694,5
V100 Cross-Area (3 regions),"['us-east-1c_v100_1', 'us-east-2b_v100_1', 'us-west-2a_v100_1']",3,rc_cr_threshold,0,single_region,,us-east-1c_v100_1,,39.93888888888889,50.0,0.2,1.5,59.90833333333333,838.7166666666667,True,True,['data/converted_multi_region_aligned'],4,87.06059375000027,0
V100 Cross-Area (3 regions),"['us-east-1c_v100_1', 'us-east-2b_v100_1', 'us-west-2a_v100_1']",3,rc_cr_threshold,0,single_region,,us-east-2b_v100_1,,39.93888888888889,50.0,0.2,1.5,59.90833333333333,838.7166666666667,True,True,['data/converted_multi_region_aligned'],4,38.487149999999914,0
V100 Cross-Area (3 regions),"['us-east-1c_v100_1', 'us-east-2b_v100_1', 'us-west-2a_v100_1']",3,rc_cr_threshold,0,single_region,,us-west-2a_v100_1,,39.93888888888889,50.0,0.2,1.5,59.90833333333333,838.7166666666667,True,True,['data/converted_multi_region_aligned'],4,55.210691249999705,0
V100 Cross-Area (3 regions),"['us-east-1c_v100_1', 'us-east-2b_v100_1', 'us-west-2a_v100_1']",3,rc_cr_threshold,0,trace_mode_baseline,best_single,us-east-1c_v100_1,,39.93888888888889,50.0,0.2,1.5,59.90833333333333,179.725,True,True,['data/converted_multi_region_aligned'],0,50.16908325000004,0
V100 Cross-Area (3 regions),"['us-east-1c_v100_1', 'us-east-2b_v100_1', 'us-west-2a_v100_1']",3,rc_cr_threshold,0,trace_mode_baseline,average_single,us-east-1c_v100_1,,39.93888888888889,50.0,0.2,1.5,59.90833333333333,179.725,True,True,['data/converted_multi_region_aligned'],0,68.71354388888925,0
